id,asal,ulasan,ulasan_normalized,ulasan_clean,rating,word_count,catatan_pemeriksa
576,perlu_konfirmasi_ronde2,"ini gojek kenapa selalu nyari driver yg jauh si padahal driver disekitar kita tuh banyak, jadi buang buang waktu buat nunggu, dari sisi driver jg kasian jemput sampe 2km, ini IT pada bisa kerja ga sih? kalo di grab ga jauh drivernya, lebih baik grab efisiensi waktu dan harga jg lebih hemat grab",ini gojek kenapa selalu mencari pengemudi yang jauh si padahal pengemudi disekitar kita itu banyak jadi buang buang waktu buat menunggu dari sisi pengemudi juga kasihan jemput sampai kilometer ini it pada bisa kerja tidak sih kalau di grab tidak jauh pengemudinya lebih baik grab efisiensi waktu dan harga juga lebih hemat grab,gojek selalu cari pengemudi jauh si padahal pengemudi sekitar banyak jadi buang buang waktu buat tunggu sisi pengemudi kasihan jemput kilometer it bisa kerja tidak sih kalau grab tidak jauh pengemudi lebih baik grab efisiensi waktu harga lebih hemat grab,1,53,
579,perlu_konfirmasi_ronde2,"pada saat memesan gocar alamat tujuan salah lebih jauh (13km) jadi tarif lebih mahal, bukan nya secara otomatis memperbaiki harga saat perubahan rute tujuan (hanya 5km padahal) saat di jemput driver 😑 merugikan costumer, mau niat cancel driver gak tega, tapi tolong untuk otomatis merubah tarif setelah merubah Sampek kapok untuk sementara pake aplikasi ini edit : gak makasih, 5km untuk 167k :) saya kapok.",pada saat memesan gocar alamat tujuan salah lebih jauh kilometer jadi tarif lebih mahal bukan nya secara otomatis memperbaiki harga saat perubahan rute tujuan hanya kilometer padahal saat di jemput pengemudi merugikan pelanggan mau niat batal pengemudi tidak tega tapi tolong untuk otomatis merubah tarif setelah merubah sampai kapok untuk sementara pakai aplikasi ini edit tidak terima kasih kilometer untuk k saya kapok,pesan gocar alamat tuju salah lebih jauh kilometer jadi tarif lebih mahal bukan nya otomatis perbaiki harga ubah rute tuju kilometer padahal jemput pengemudi rugi pelanggan mau niat batal pengemudi tidak tega otomatis rubah tarif rubah kapok pakai aplikasi edit tidak terima kasih kilometer k kapok,1,63,
1576,perlu_konfirmasi_ronde2,veri good,sangat bagus,sangat bagus,5,2,
1762,perlu_konfirmasi_ronde2,"suka mesen tiba2 padahal mau ngecek, kasian abang gojeknya uda jauh jauh padahal aplikasi yang pesan bukan kehendak pengguna",suka memesan tiba padahal mau cek kasihan abang gojeknya sudah jauh jauh padahal aplikasi yang pesan bukan kehendak pengguna,suka pesan tiba padahal mau cek kasihan abang gojek jauh jauh padahal aplikasi pesan bukan hendak pengguna,1,19,
2533,perlu_konfirmasi_ronde2,Driver Gocar terkadang susah untuk nganter konsumen dengan alasan jauh lah jemput nya & sebagai nya. Inti nya Driver tidak mau jemput tapi lucu nya saat minta pembatalan harus konsumen yang ngebatalin. Pada hal konsumen mau menunggu.,pengemudi gocar terkadang susah untuk mengantar konsumen dengan alasan jauh lah jemput nya sebagai nya inti nya pengemudi tidak mau jemput tapi lucu nya saat minta pembatalan harus konsumen yang membatalkan pada hal konsumen mau menunggu,pengemudi gocar terkadang susah antar konsumen alas jauh lah jemput nya nya inti nya pengemudi tidak mau jemput lucu nya minta batal harus konsumen batal konsumen mau tunggu,4,36,
2693,perlu_konfirmasi_ronde2,pesan gofood.. drivernya dikasih double order jdi sampenya lama.. tolong dong gofood di benahin lg buat sistem double ordernya,pesan gofood pengemudinya dikasih ganda order jadi sampainya lama tolong dong gofood di benahin lagi buat sistem ganda ordernya,pesan gofood pengemudi kasih ganda order jadi sampai lama dong gofood benahi buat sistem ganda order,2,19,
4294,perlu_konfirmasi_ronde2,"luarbiasa sameday dishopee ya parah melebihi sameday jkrta bandung kmrn saya kirim dr jkrta ,ini td siang saya beli BRG dishopee kirim dr jam 2,17 blm smpai juga hubungi chat shopee ga bisa bantu dan parahnya ga jelas 23 menit pengantaran dr sore td ga bergerak JD gatau kapan dianter ,buruk sekali samedaynya gojek ya ,maunya instan biasa TPI layanan toko tidak menyediakan Tidka rekomen ya pke layanan ini pdhal byr ongkos dishopee bukan gratis !",luarbiasa sameday dishopee ya parah melebihi sameday jakarta bandung kemarin saya kirim dari jakarta ini tadi siang saya beli barang dishopee kirim dari jam belum sampai juga hubungi chat shopee tidak bisa bantu dan parahnya tidak jelas menit pengantaran dari sore tadi tidak bergerak jadi tidak tahu kapan diantar buruk sekali samedaynya gojek ya maunya instan biasa tapi layanan toko tidak menyediakan tidak rekomendasi ya pakai layanan ini padahal bayar ongkos dishopee bukan gratis,luarbiasa sameday dishopee parah lebih sameday jakarta bandung kemarin kirim jakarta tadi siang beli barang dishopee kirim jam belum hubung chat shopee tidak bisa bantu parah tidak jelas menit antar sore tadi tidak gerak jadi tidak tahu kapan antar buruk sekali samedaynya gojek mau instan biasa layan toko tidak sedia tidak rekomendasi pakai layan padahal bayar ongkos dishopee bukan gratis,1,74,
11406,perlu_konfirmasi_ronde2,"saran ya buat gojek.. untuk batasan usia di berlakukan atau minimal kasih cek kesehatan buat para driver yg udh lnjut usia atau gmn gtu caranya buat kslamatan driver dan jg penumpang, saya beberapa kali loh dapet yg udh tuaaaaaaa banget dan beliau2 itu kasian karna bawa mtornya aja udh ga bener , trus bberapa kali saya liat di jalan driver yg sudah sangat berumur jatuh di jalan bahkan ada yang nabrak tembok sampai2 jatuh ke got karna hilang keseimbangan dan katanya krna penyakitnya kmbuh, please",saran ya buat gojek untuk batasan usia di berlakukan atau minimal kasih cek kesehatan buat para pengemudi yang sudah lanjut usia atau bagaimana begitu caranya buat keselamatan pengemudi dan juga penumpang saya beberapa kali loh dapat yang sudah tua banget dan beliau itu kasihan karena bawa motornya aja sudah tidak benar terus beberapa kali saya liat di jalan pengemudi yang sudah sangat berumur jatuh di jalan bahkan ada yang nabrak tembok sampai jatuh ke got karena hilang keseimbangan dan katanya karena penyakitnya kambuh tolong,saran buat gojek batas usia laku minimal kasih cek sehat buat pengemudi lanjut usia bagaimana cara buat selamat pengemudi penumpang beberapa kali loh dapat tua banget beliau kasihan bawa motor aja tidak benar terus beberapa kali liat jalan pengemudi sangat umur jatuh jalan bahkan ada nabrak tembok jatuh got hilang imbang kata sakit kambuh,4,84,
14889,perlu_konfirmasi_ronde2,appp anjinggg lemot,ap anjing lemot,ap anjing lemot,1,3,
16466,perlu_konfirmasi_ronde2,kenapa ongkir Go-Jek naik lagi biasanya 7 rb menjadi 14,kenapa ongkos kirim go jek naik lagi biasanya ribu menjadi,ongkos kirim go jek naik biasa ribu jadi,3,10,
16630,perlu_konfirmasi_ronde2,"fakta dilapangan, orderan gofood baru akan di proses setelah driver sampai ke resto harusnya waktu menunggu dapat driver 10menit paling lama, kemudian aktifkan untuk cancel orderan jgn pelanggan yg dibuat menunggu sampai 1jam baru bisa di cancel keburu naik asam lambung",fakta dilapangan orderan gofood baru akan di proses setelah pengemudi sampai ke restoran harusnya waktu menunggu dapat pengemudi menit paling lama kemudian aktifkan untuk batal orderan jangan pelanggan yang dibuat menunggu sampai jam baru bisa di batal keburu naik asam lambung,fakta lapang order gofood baru akan proses pengemudi restoran harus waktu tunggu dapat pengemudi menit paling lama kemudian aktif batal order jangan pelanggan buat tunggu jam baru bisa batal keburu naik asam lambung,1,41,
17934,perlu_konfirmasi_ronde2,"kenapa kalo setiap habis ujan selalu gada yg mau pick up??? bukannnya dengan adanya gojek tujuannya mempermudah ya dan efisien , untuk harga pasti customer juga akan lebihin kok, kok gini banget ya gojek",kenapa kalau setiap habis hujan selalu tidak ada yang mau pick up bukanya dengan adanya gojek tujuannya mempermudah ya dan efisien untuk harga pasti pelanggan juga akan melebihkan kok kok begini banget ya gojek,kalau habis hujan selalu tidak ada mau pick up buka ada gojek tuju permudah efisien harga pelanggan akan lebih kok kok begini banget gojek,5,34,
24413,perlu_konfirmasi_ronde2,tolong kalo memang gabisa tepat waktu jangan kasih kami keterangan itu hilangkan saja terutama go food pengantaran express resto nyiapin lama datang telat gaada kenapa napa tapi di suruh bayar lebih buat pengantaran express,tolong kalau memang tidak bisa tepat waktu jangan kasih kami keterangan itu hilangkan saja terutama go food pengantaran ekspres restoran nyiapin lama datang telat tidak ada kenapa napa tapi di suruh bayar lebih buat pengantaran ekspres,kalau memang tidak bisa tepat waktu jangan kasih terang hilang utama go food antar ekspres restoran nyiapin lama datang telat tidak ada napa suruh bayar lebih buat antar ekspres,1,36,
27702,perlu_konfirmasi_ronde2,"sangat disayangkan untuk pelayana gomartnya,terutama bagi belanja Indomie goreng, tertera haga diskon persatuan 1900rupiah,setelah cek out dan belanja jadi 40.900.biaya penanganan sampai bisa 28.800 itu jebakan.ngerampok apa bagaimana bos....?????",sangat disayangkan untuk pelayanan gomartnya terutama bagi belanja indomie goreng tertera harga diskon persatuan rupiah setelah cek out dan belanja jadi biaya penanganan sampai bisa itu jebakan ngerampok apa bagaimana bos,sangat disayangkan layan gomartnya utama belanja indomie goreng tertera harga diskon satu rupiah cek out belanja jadi biaya penanganan bisa jebak ngerampok apa bagaimana bos,3,31,
31246,perlu_konfirmasi_ronde2,gak ada solusi saya ingin ganti nomor hp tapi tetap gak bisa padahan no baru belum pernah di pakai gojek,tidak ada solusi saya ingin ganti nomor ponsel tapi tetap tidak bisa padahal nomor baru belum pernah di pakai gojek,tidak ada solusi ganti nomor ponsel tetap tidak bisa padahal nomor baru belum pernah pakai gojek,1,20,
36329,perlu_konfirmasi_ronde2,sangat memuaskan aplikasi dan sistem pelayanan nya agar ditingkatkan lagi,sangat memuaskan aplikasi dan sistem pelayanan nya agar ditingkatkan lagi,sangat puas aplikasi sistem layan nya tingkatkan,5,10,
39692,perlu_konfirmasi_ronde2,kelamaan order go food nunggu lama ga bisa di cancel giliran udah menit terakhir dicancel toko karena gaada driver,kelamaan order go food menunggu lama tidak bisa di batal giliran sudah menit terakhir dibatalkan toko karena tidak ada pengemudi,lama order go food tunggu lama tidak bisa batal gilir menit akhir batal toko tidak ada pengemudi,2,20,
40164,perlu_konfirmasi_ronde2,fitur untuk pesanan makanan yang masuk ke resto yang gak dibarengi driver yang pick up sangat merugikan. Baik bagi customers dan restoran. Bagaimana kalau makanan sudah dibuat tapi tidak ada driver yang bisa pick up? Bagaimana dengan customers yang sudah menunggu lama tapi asal dibatalkan dengan CS yang tidak menyelesaikan keluhan customers. Sangat tidak profesional.,fitur untuk pesanan makanan yang masuk ke restoran yang tidak dibarengi pengemudi yang pick up sangat merugikan baik bagi pelanggan dan restoran bagaimana kalau makanan sudah dibuat tapi tidak ada pengemudi yang bisa pick up bagaimana dengan pelanggan yang sudah menunggu lama tapi asal dibatalkan dengan layanan pelanggan yang tidak menyelesaikan keluhan pelanggan sangat tidak profesional,fitur pesan makan masuk restoran tidak bareng pengemudi pick up sangat rugi baik pelanggan restoran bagaimana kalau makan buat tidak ada pengemudi bisa pick up bagaimana pelanggan tunggu lama asal batal layan pelanggan tidak selesai keluh pelanggan sangat tidak profesional,1,56,
41332,perlu_konfirmasi_ronde2,"saya 2x order beda hari susahhhhhhh sekali dapat dtivernya emang tidak ada armada atau bagaimana, klo tidak ada armada mending jangan buka aplikasi yahhh, ini tadi barusan order ya 2x hampir 1 jam ga dapat driver juga aduhhhhhhh parahhh sih tolong ya diperbaiki lagiiiiiii !!!!!!",saya x order beda hari susah sekali dapat pengemudinya memang tidak ada armada atau bagaimana kalau tidak ada armada mending jangan buka aplikasi ya ini tadi barusan order ya x hampir jam tidak dapat pengemudi juga aduh parah sih tolong ya diperbaiki lagi,x order beda hari susah sekali dapat pengemudi memang tidak ada armada bagaimana kalau tidak ada armada mending jangan buka aplikasi tadi barusan order x hampir jam tidak dapat pengemudi aduh parah sih perbaiki,1,43,
42142,perlu_konfirmasi_ronde2,"berhenti gw make ni aplikasi, lelet banget ga pernah dapet dapet driver ngorder makanan telat mulu akhirnya ga dapet driver nunggu lama lama buang buang waktu aja, niatnya make ni aplikasi biar cepet biar ga keluar eh malah lama, mana ga bisa di cancel lagi",berhenti saya pakai ini aplikasi lelet banget tidak pernah dapat dapat pengemudi memesan makanan telat terus akhirnya tidak dapat pengemudi menunggu lama lama buang buang waktu aja niatnya pakai ini aplikasi biar cepat biar tidak keluar eh malah lama mana tidak bisa di batal lagi,henti pakai aplikasi lelet banget tidak pernah dapat dapat pengemudi pesan makan telat terus akhir tidak dapat pengemudi tunggu lama lama buang buang waktu aja niat pakai aplikasi biar cepat biar tidak keluar eh malah lama mana tidak bisa batal,1,45,
60696,perlu_konfirmasi_ronde2,Sekarang gojeknya nggak dapet pemudi Saya mau beli makanan nggak bisa terus sekarang 😤😤😡😡 Sekarang saya mau beli makanan belum dapat-dapat pemudian Sekarang sulit dapat Pemudian Pusing aku nih gojeknya lemot,sekarang gojeknya tidak dapat pengemudi saya mau beli makanan tidak bisa terus sekarang sekarang saya mau beli makanan belum dapat dapat pengemudi sekarang sulit dapat pengemudi pusing aku nih gojeknya lemot,sekarang gojek tidak dapat pengemudi mau beli makan tidak bisa terus sekarang sekarang mau beli makan belum dapat dapat pengemudi sekarang sulit dapat pengemudi pusing aku nih gojek lemot,1,31,
60768,perlu_konfirmasi_ronde2,Ribet gak bisa auto detect dan kurang sensitif di Map padahal udah diupdate. Tentunya Gmapnsudah aktif juga ya dan ini tidak sekali...,ribet tidak bisa auto detect dan kurang sensitif di map padahal sudah diupdate tentunya google maps sudah aktif juga ya dan ini tidak sekali,ribet tidak bisa auto detect kurang sensitif map padahal diupdate tentu google maps aktif tidak sekali,2,24,
61510,perlu_konfirmasi_ronde2,"Min, kenapa setelah saya langganan gojek plus, pesanan gofood saya malah lebih mahal? Yang sebelumnya bisa dianterin pake mode hemat ekonomis malah jadi cuma bisa pake yang reguler dan express, yang dimana keduanya lebih mahal biaya pengirimannya daripada yang mode hemat ekonomis. Mohon direspon min.",min kenapa setelah saya langganan gojek plus pesanan gofood saya malah lebih mahal yang sebelumnya bisa diantar pakai mode hemat ekonomis malah jadi cuma bisa pakai yang reguler dan ekspres yang dimana keduanya lebih mahal biaya pengirimannya daripada yang mode hemat ekonomis mohon direspon min,min langgan gojek plus pesan gofood malah lebih mahal sebelumnya bisa antar pakai mode hemat ekonomis malah jadi cuma bisa pakai reguler ekspres dua lebih mahal biaya kirim mode hemat ekonomis mohon direspon min,1,45,
61770,perlu_konfirmasi_ronde2,Ka akun sya knp jd ga dpt promo sma skali ya.....,ka akun saya kenapa jadi tidak dapat promo sama sekali ya,ka akun jadi tidak dapat promo sama sekali,4,11,
63490,perlu_konfirmasi_ronde2,"Gojek buruk, padahal pinjaman gua gak pernah telat. Tapi malah gak bisa dipakai lagi paylater nya. B#ngasd gojek gak guna.",gojek buruk padahal pinjaman saya tidak pernah telat tapi malah tidak bisa dipakai lagi paylater nya b gojek tidak guna,gojek buruk padahal pinjam tidak pernah telat malah tidak bisa pakai paylater nya b gojek tidak,1,20,
64884,perlu_konfirmasi_ronde2,"Setelah di update kenapa dapet drivernya selalu jauh ya, saya tau kalo ada sistem prioritas tapi ini juga kasian buat para drivernya kalo lokasi nya terlalu jauh, sering banget dapet yg jauh jauh itu tolong dibenahi lagi sistem nya terimakasih",setelah di pembaruan kenapa dapat pengemudinya selalu jauh ya saya tahu kalau ada sistem prioritas tapi ini juga kasihan buat para pengemudinya kalau lokasi nya terlalu jauh sering banget dapat yang jauh jauh itu tolong dibenahi lagi sistem nya terima kasih,baru dapat pengemudi selalu jauh tahu kalau ada sistem prioritas kasihan buat pengemudi kalau lokasi nya terlalu jauh sering banget dapat jauh jauh benahi sistem nya terima kasih,3,41,
71339,perlu_konfirmasi_ronde2,Bagaimana cara bua kasi tau ke aplikasi gojek/gocar kalau ada penutupan jalan..,bagaimana cara buat kasi tahu ke aplikasi gojek gocar kalau ada penutupan jalan,bagaimana cara buat kasi tahu aplikasi gojek gocar kalau ada tutup jalan,4,13,
73538,perlu_konfirmasi_ronde2,"Saya mau verif paylater udh 2x coba tetep ga di setujui, blgnya dana informasi saya salah, salah bagaimana? ya saya mengisi sesuai tpi malah gabisa bisa, skrg disuru tunggu sampe 2025,aneh, jelek ni aplikasi, ribet",saya mau verif paylater sudah x coba tetap tidak di setujui bilangnya dana informasi saya salah salah bagaimana ya saya mengisi sesuai tapi malah tidak bisa bisa sekarang disuruh tunggu sampai aneh jelek ini aplikasi ribet,mau verif paylater x coba tetap tidak tuju bilang dana informasi salah salah bagaimana isi sesuai malah tidak bisa bisa sekarang suruh tunggu aneh jelek aplikasi ribet,1,36,
76162,perlu_konfirmasi_ronde2,"Jangan hanya fokus menyenangkan customer donk, kasihan driver ongkosnya dipotong habis untuk Voucher yg dibebankan ke Driver... Anda sudah dapat penghasilan yg sangat banyak, kenapa Voucher masih dibebankan ke Driver!!!. Hei pembuat kebijakan perusahaan... Masak Voucher 100% harus ditanggung Driver. Terus keuntungan anda Ratusan Juta dari driver bagaimana!!!",jangan hanya fokus menyenangkan pelanggan dong kasihan pengemudi ongkosnya dipotong habis untuk voucher yang dibebankan ke pengemudi anda sudah dapat penghasilan yang sangat banyak kenapa voucher masih dibebankan ke pengemudi hei pembuat kebijakan perusahaan masak voucher harus ditanggung pengemudi terus keuntungan anda ratusan juta dari pengemudi bagaimana,jangan fokus senang pelanggan dong kasihan pengemudi ongkos potong habis voucher beban pengemudi dapat hasil sangat banyak voucher beban pengemudi hei pembuat kebijakan usaha masak voucher harus tanggung pengemudi terus untung ratus juta pengemudi bagaimana,1,47,
81421,perlu_konfirmasi_ronde2,"Pelayanannya semakin ke sini sangat mengecewakan. pesan gosend sameday dari pagi. dapat driver sore. klo tidak bisa melayani customer dengan baik, lebih baik di tutup saja layanannya. sangat mengecewakan sekali.",pelayanannya semakin ke sini sangat mengecewakan pesan gosend sameday dari pagi dapat pengemudi sore kalau tidak bisa melayani pelanggan dengan baik lebih baik di tutup saja layanannya sangat mengecewakan sekali,layan makin sini sangat kecewa pesan gosend sameday pagi dapat pengemudi sore kalau tidak bisa layan pelanggan baik lebih baik tutup layan sangat kecewa sekali,1,30,
90409,perlu_konfirmasi_ronde2,Bintang 1 aja,bintang aja,bintang aja,1,2,
90770,perlu_konfirmasi_ronde2,Udh download gk bisa masuk,sudah unduh tidak bisa masuk,unduh tidak bisa masuk,5,5,
91913,perlu_konfirmasi_ronde2,"Apa gopay bisa dibuat premium,dr mn cara, setahu kita apk DANA yg bisa dibuat premium dgn cara verifikasi data kita",apa gopay bisa dibuat premium dari mana cara setahu kita aplikasi dana yang bisa dibuat premium dengan cara verifikasi data kita,apa gopay bisa buat premium mana cara tahu aplikasi dana bisa buat premium cara verifikasi data,1,21,
93802,perlu_konfirmasi_ronde2,"Kalo gojek gak bisa ngasih kesejahteraan drivernya,JANGAN MENGEMIS KE KONSUMEN UNTUK KASIH TIP KE DRIVER.MEMALUKAN KATANYA PT TAPI KOK NGEMIS🤣🤣🤣",kalau gojek tidak bisa memberi kesejahteraan pengemudinya jangan mengemis ke konsumen untuk kasih tip ke pengemudi memalukan katanya pt tapi kok ngemis,kalau gojek tidak bisa beri sejahtera pengemudi jangan mengemis konsumen kasih tip pengemudi malu kata pt kok ngemis,1,22,
95918,perlu_konfirmasi_ronde2,"upgrade gojek + , gada bedanya sama gojek biasa, kalau mau bisnis jgn ngibulin konsumen 😁.semoga sukses terus. GBU😇",upgrade gojek tidak ada bedanya sama gojek biasa kalau mau bisnis jangan menipu konsumen semoga sukses terus gbu,upgrade gojek tidak ada beda sama gojek biasa kalau mau bisnis jangan tipu konsumen moga sukses terus gbu,1,18,
96555,perlu_konfirmasi_ronde2,Di hp saya kenapa tidak ada gojek plus ya ?,di ponsel saya kenapa tidak ada gojek plus ya,ponsel tidak ada gojek plus,5,9,
99477,perlu_konfirmasi_ronde2,"Harga bersahabat, pelayanan ramah, aman dan nyaman itu utk ojolnya. Punya banyak menu seperi gopay pinjam, gopay later. Gopay pinjam saya diksh limit, bgitu diajukan tidak bisa ditarik dan hebatnya 1th kmudian baru bisa dipakai, hello... ga usah pnya menu pinjam kalo ga mao ksh pinjam. Aneh kan. Jadi saya turunin bintangnya yah..",harga bersahabat pelayanan ramah aman dan nyaman itu untuk ojek onlinenya punya banyak menu seperti gopay pinjam gopay later gopay pinjam saya dikasih limit begitu diajukan tidak bisa ditarik dan hebatnya tahun kemudian baru bisa dipakai hello tidak usah punya menu pinjam kalau tidak mau kasih pinjam aneh kan jadi saya turunin bintangnya ya,harga sahabat layan ramah aman nyaman ojek onlinenya punya banyak menu gopay pinjam gopay later gopay pinjam kasih limit aju tidak bisa tarik hebat tahun kemudian baru bisa pakai hello tidak usah punya menu pinjam kalau tidak mau kasih pinjam aneh kan jadi turunin bintang,3,54,
99677,perlu_konfirmasi_ronde2,"Tolong perbaiki bug connectivity issue, sering sekali ketika order GoCar/GoFood/Pembayaran muncul pop up koneksi internet hilang padahal jaringan stabil. Sudah menggunakan update terbaru dan masih sering terjadi.",tolong perbaiki bug connectivity issue sering sekali ketika order gocar gofood pembayaran muncul pop up koneksi internet hilang padahal jaringan stabil sudah menggunakan pembaruan terbaru dan masih sering terjadi,perbaiki bug connectivity issue sering sekali order gocar gofood bayar muncul pop up koneksi internet hilang padahal jaring stabil guna baru baru sering jadi,1,29,
73201,acak_baru,Banyak diskonannnyaaa mantabbb,banyak diskonanya mantap,banyak diskonanya mantap,5,3,
51784,acak_baru,"Aduh setelah update terbaru aplikasi nya jadi berat nih, padahal hp saya masih baru, UI untuk scrolling nya lag padahal pake native bulan flutter gojek nya, tolong ya developer lebih di optimalkan lagi 👍🏻",aduh setelah pembaruan terbaru aplikasi nya jadi berat nih padahal ponsel saya masih baru ui untuk scrolling nya lag padahal pakai native bulan flutter gojek nya tolong ya developer lebih di optimalkan lagi,aduh baru baru aplikasi nya jadi berat nih padahal ponsel baru ui scrolling nya lag padahal pakai native bulan flutter gojek nya developer lebih optimal,1,33,
74800,acak_baru,"Aplikasi jahatt, driver nya juga sebagian kurang penegasan seenaknya",aplikasi jahatt pengemudi nya juga sebagian kurang penegasan seenaknya,aplikasi jahatt pengemudi nya bagi kurang tegas enak,1,9,
4855,acak_baru,"semakin kesini semakin gk jelas gojek, lama sekali dapat driver mungkin banyak kena potongan makannya orderan saya gk diambil payah",semakin kesini semakin tidak jelas gojek lama sekali dapat pengemudi mungkin banyak kena potongan makannya orderan saya tidak diambil payah,makin kesini makin tidak jelas gojek lama sekali dapat pengemudi mungkin banyak kena potong makan order tidak ambil payah,1,20,
73694,acak_baru,Ok,oke,oke,5,1,
6993,acak_baru,aplikasi gembel. masa download bukti/struk aja gak bisa. payah IT nya.,aplikasi gembel masa unduh bukti struk aja tidak bisa payah it nya,aplikasi gembel masa unduh bukti struk aja tidak bisa payah it nya,1,12,
50554,acak_baru,Repot pembayaran kbm lewat gpay selalu gagal,repot pembayaran kbm lewat gpay selalu gagal,repot bayar kbm lewat gpay selalu gagal,2,7,
3923,acak_baru,Aplikasi nya tambah parah.... order food aj mesti nunggu satu jam baru dapat driver nya ....,aplikasi nya tambah parah order food saja mesti menunggu satu jam baru dapat pengemudi nya,aplikasi nya tambah parah order food mesti tunggu satu jam baru dapat pengemudi nya,1,15,
68886,acak_baru,Gojek online preman semua isi nya,gojek online preman semua isi nya,gojek online preman semua isi nya,1,6,
74031,acak_baru,"kocak jir , masa tf ke qris ga bisa mohon bantuannya 🙏🙏🙏",kocak jir masa transfer ke qris tidak bisa mohon bantuannya,kocak jir masa transfer qris tidak bisa mohon bantu,1,10,
15314,acak_baru,sangat membantu,sangat membantu,sangat bantu,5,2,
24156,acak_baru,ok,oke,oke,5,1,
42968,acak_baru,nice apps,bagus aplikasi,bagus aplikasi,5,2,
35782,acak_baru,puas dengan pelayan driver,puas dengan pelayan pengemudi,puas layan pengemudi,5,4,
61794,acak_baru,Go-jek memang 👍💯,go jek memang,go jek memang,5,3,
43521,acak_baru,Payah ada potongan digopay tanpa disejutuin .,payah ada potongan digopay tanpa disejutuin,payah ada potong digopay tanpa disejutuin,1,6,
72560,acak_baru,"Mau bayar tagihan gopay latter udah jatuh tempo,tapi loading mulu.padahal wiffi internet bagus,nyoba pake data ttp loading Gie mna ini solusi nya.nanti giliran telat saya kena denda.mau di bayar tapi gak bisa loading Mulu tolong di perbaiki gopay nya..",mau bayar tagihan gopay latter sudah jatuh tempo tapi loading terus padahal wiffi internet bagus mencoba pakai data tetap loading gie mna ini solusi nya nanti giliran telat saya kena denda mau di bayar tapi tidak bisa loading terus tolong di perbaiki gopay nya,mau bayar tagih gopay latter jatuh tempo loading terus padahal wiffi internet bagus coba pakai data tetap loading gie mna solusi nya gilir telat kena denda mau bayar tidak bisa loading terus perbaiki gopay nya,2,44,
91666,acak_baru,App ini memang luar biasa sangat puas gunakan aplikasi gojek jika bertransaksi segalanya beres Joss mantap saya sangat suka dan puas trimakasih developer.,aplikasi ini memang luar biasa sangat puas gunakan aplikasi gojek jika bertransaksi segalanya beres mantap mantap saya sangat suka dan puas terima kasih developer,aplikasi memang luar biasa sangat puas guna aplikasi gojek transaksi segala beres mantap mantap sangat suka puas terima kasih developer,5,24,
34975,acak_baru,Gojek Aplikasi terbaik dan Tercepat untuk Solusi anda2 yg Ngebut dengan Waktu👍🏾❤️,gojek aplikasi terbaik dan tercepat untuk solusi anda yang ngebut dengan waktu,gojek aplikasi terbaik cepat solusi ngebut waktu,5,12,
11082,acak_baru,good,bagus,bagus,5,1,
75218,acak_baru,👌,,,5,0,
34134,acak_baru,terimakasih,terima kasih,terima kasih,5,2,
95832,acak_baru,Semangat pagi pagi pagi ✊✊✊✊,semangat pagi pagi pagi,semangat pagi pagi pagi,4,4,
22443,acak_baru,ada mode hematnya jadi nya bisa. hemat,ada mode hematnya jadi nya bisa hemat,ada mode hemat jadi nya bisa hemat,5,7,
70626,acak_baru,banyakin promonya dong,perbanyak promonya dong,banyak promonya dong,5,3,
46954,acak_baru,Gojeg mahal saya sudah pindah ke grab... Saya sarankan pindah ke grab..di daerah saya sudah banyak pindah ke grab,gojek mahal saya sudah pindah ke grab saya sarankan pindah ke grab di daerah saya sudah banyak pindah ke grab,gojek mahal pindah grab saran pindah grab daerah banyak pindah grab,1,20,
75517,acak_baru,Bagus dan banyak diskon dan driver nya baik semua,bagus dan banyak diskon dan pengemudi nya baik semua,bagus banyak diskon pengemudi nya baik semua,5,9,
81772,acak_baru,Saya suka aplikasi ini,saya suka aplikasi ini,suka aplikasi,5,4,
3488,acak_baru,sangat bagus danpuas banget,sangat bagus danpuas banget,sangat bagus danpuas banget,5,4,
86555,acak_baru,Top,top,top,5,1,
30542,acak_baru,Udah seneng ada diskon 70k eh php tiba-tiba di hapus lawak.,sudah seneng ada diskon k eh pemberi harapan palsu tiba tiba di hapus lawak,neng ada diskon k eh beri harap palsu tiba tiba hapus lawak,1,14,
12810,acak_baru,"baik, mudahh",baik mudahh,baik mudahh,5,2,
49925,acak_baru,"Sangat bagus dan membantu,tapi jangan menyusahkan.",sangat bagus dan membantu tapi jangan menyusahkan,sangat bagus bantu jangan susah,5,7,
2938,acak_baru,bagus,bagus,bagus,5,1,
11644,acak_baru,order gofood nya cepet walau pake yg ekonomis,order gofood nya cepat walau pakai yang ekonomis,order gofood nya cepat pakai ekonomis,5,8,
10375,acak_baru,baik ... tapi entah untuk drivernya,baik tapi entah untuk pengemudinya,baik entah pengemudi,4,5,
37064,acak_baru,udah nunggu lama selalu gak ada driver nya atau dibatalin,sudah menunggu lama selalu tidak ada pengemudi nya atau dibatalkan,tunggu lama selalu tidak ada pengemudi nya batal,1,10,
71985,acak_baru,Mantapzzz,mantapz,mantapz,5,1,
27409,acak_baru,HERAN LIAT BANTUANNYA MAU NGASIH PENJELASAN LAGI GK BISA,heran liat bantuannya mau memberi penjelasan lagi tidak bisa,heran liat bantu mau beri jelas tidak bisa,1,9,
38587,acak_baru,aman,aman,aman,5,1,
