bulan,kategori,jumlah,periode_parsial
2024-05-01,Pesanan GoFood & Pembatalan,124,True
2024-05-01,Ketersediaan & Respons Mitra Driver,118,True
2024-05-01,Layanan Pelanggan & Penanganan Keluhan,107,True
2024-05-01,"Tarif, Ongkir & Promo",102,True
2024-05-01,Transaksi & Saldo GoPay,102,True
2024-05-01,"GoPayLater, GoPinjam & Penagihan",81,True
2024-05-01,Performa & Gangguan Aplikasi,80,True
2024-05-01,"Akun, Login & Verifikasi",58,True
2024-05-01,Akurasi Lokasi & Rute,39,True
2024-06-01,Ketersediaan & Respons Mitra Driver,501,False
2024-06-01,Pesanan GoFood & Pembatalan,446,False
2024-06-01,"Tarif, Ongkir & Promo",406,False
2024-06-01,Layanan Pelanggan & Penanganan Keluhan,393,False
2024-06-01,Transaksi & Saldo GoPay,312,False
2024-06-01,"GoPayLater, GoPinjam & Penagihan",306,False
2024-06-01,Performa & Gangguan Aplikasi,281,False
2024-06-01,"Akun, Login & Verifikasi",203,False
2024-06-01,Akurasi Lokasi & Rute,149,False
2024-07-01,Ketersediaan & Respons Mitra Driver,512,False
2024-07-01,"Tarif, Ongkir & Promo",423,False
2024-07-01,Pesanan GoFood & Pembatalan,388,False
2024-07-01,Layanan Pelanggan & Penanganan Keluhan,341,False
2024-07-01,Performa & Gangguan Aplikasi,302,False
2024-07-01,Transaksi & Saldo GoPay,280,False
2024-07-01,"GoPayLater, GoPinjam & Penagihan",244,False
2024-07-01,"Akun, Login & Verifikasi",188,False
2024-07-01,Akurasi Lokasi & Rute,162,False
2024-08-01,Ketersediaan & Respons Mitra Driver,437,False
2024-08-01,"Tarif, Ongkir & Promo",365,False
2024-08-01,Pesanan GoFood & Pembatalan,364,False
2024-08-01,Layanan Pelanggan & Penanganan Keluhan,344,False
2024-08-01,"GoPayLater, GoPinjam & Penagihan",259,False
2024-08-01,Transaksi & Saldo GoPay,243,False
2024-08-01,Performa & Gangguan Aplikasi,204,False
2024-08-01,Akurasi Lokasi & Rute,162,False
2024-08-01,"Akun, Login & Verifikasi",151,False
2024-09-01,Ketersediaan & Respons Mitra Driver,495,False
2024-09-01,Pesanan GoFood & Pembatalan,425,False
2024-09-01,"Tarif, Ongkir & Promo",355,False
2024-09-01,Layanan Pelanggan & Penanganan Keluhan,355,False
2024-09-01,Transaksi & Saldo GoPay,300,False
2024-09-01,"GoPayLater, GoPinjam & Penagihan",256,False
2024-09-01,Performa & Gangguan Aplikasi,247,False
2024-09-01,"Akun, Login & Verifikasi",209,False
2024-09-01,Akurasi Lokasi & Rute,182,False
2024-10-01,Ketersediaan & Respons Mitra Driver,473,False
2024-10-01,Pesanan GoFood & Pembatalan,468,False
2024-10-01,"Tarif, Ongkir & Promo",402,False
2024-10-01,Layanan Pelanggan & Penanganan Keluhan,368,False
2024-10-01,"GoPayLater, GoPinjam & Penagihan",292,False
2024-10-01,Performa & Gangguan Aplikasi,279,False
2024-10-01,Transaksi & Saldo GoPay,270,False
2024-10-01,"Akun, Login & Verifikasi",197,False
2024-10-01,Akurasi Lokasi & Rute,172,False
2024-11-01,Ketersediaan & Respons Mitra Driver,753,False
2024-11-01,Pesanan GoFood & Pembatalan,631,False
2024-11-01,"Tarif, Ongkir & Promo",512,False
2024-11-01,Layanan Pelanggan & Penanganan Keluhan,486,False
2024-11-01,Transaksi & Saldo GoPay,322,False
2024-11-01,"GoPayLater, GoPinjam & Penagihan",295,False
2024-11-01,Performa & Gangguan Aplikasi,290,False
2024-11-01,"Akun, Login & Verifikasi",188,False
2024-11-01,Akurasi Lokasi & Rute,173,False
2024-12-01,Ketersediaan & Respons Mitra Driver,801,False
2024-12-01,Pesanan GoFood & Pembatalan,760,False
2024-12-01,"Tarif, Ongkir & Promo",572,False
2024-12-01,Layanan Pelanggan & Penanganan Keluhan,515,False
2024-12-01,"GoPayLater, GoPinjam & Penagihan",358,False
2024-12-01,Transaksi & Saldo GoPay,342,False
2024-12-01,Performa & Gangguan Aplikasi,306,False
2024-12-01,"Akun, Login & Verifikasi",237,False
2024-12-01,Akurasi Lokasi & Rute,234,False
2025-01-01,Ketersediaan & Respons Mitra Driver,557,False
2025-01-01,Pesanan GoFood & Pembatalan,541,False
2025-01-01,"Tarif, Ongkir & Promo",455,False
2025-01-01,Layanan Pelanggan & Penanganan Keluhan,385,False
2025-01-01,"GoPayLater, GoPinjam & Penagihan",308,False
2025-01-01,Transaksi & Saldo GoPay,270,False
2025-01-01,Performa & Gangguan Aplikasi,225,False
2025-01-01,Akurasi Lokasi & Rute,197,False
2025-01-01,"Akun, Login & Verifikasi",168,False
2025-02-01,Ketersediaan & Respons Mitra Driver,474,False
2025-02-01,Pesanan GoFood & Pembatalan,420,False
2025-02-01,Layanan Pelanggan & Penanganan Keluhan,326,False
2025-02-01,"Tarif, Ongkir & Promo",318,False
2025-02-01,Transaksi & Saldo GoPay,222,False
2025-02-01,"GoPayLater, GoPinjam & Penagihan",221,False
2025-02-01,Performa & Gangguan Aplikasi,205,False
2025-02-01,Akurasi Lokasi & Rute,148,False
2025-02-01,"Akun, Login & Verifikasi",146,False
2025-03-01,Pesanan GoFood & Pembatalan,639,False
2025-03-01,Ketersediaan & Respons Mitra Driver,588,False
2025-03-01,Layanan Pelanggan & Penanganan Keluhan,404,False
2025-03-01,"Tarif, Ongkir & Promo",333,False
2025-03-01,"GoPayLater, GoPinjam & Penagihan",283,False
2025-03-01,Performa & Gangguan Aplikasi,260,False
2025-03-01,Transaksi & Saldo GoPay,252,False
2025-03-01,Akurasi Lokasi & Rute,178,False
2025-03-01,"Akun, Login & Verifikasi",154,False
2025-04-01,Pesanan GoFood & Pembatalan,833,False
2025-04-01,Ketersediaan & Respons Mitra Driver,689,False
2025-04-01,Layanan Pelanggan & Penanganan Keluhan,518,False
2025-04-01,"Tarif, Ongkir & Promo",445,False
2025-04-01,"GoPayLater, GoPinjam & Penagihan",281,False
2025-04-01,Performa & Gangguan Aplikasi,274,False
2025-04-01,Transaksi & Saldo GoPay,258,False
2025-04-01,Akurasi Lokasi & Rute,199,False
2025-04-01,"Akun, Login & Verifikasi",175,False
2025-05-01,Pesanan GoFood & Pembatalan,384,False
2025-05-01,Ketersediaan & Respons Mitra Driver,372,False
2025-05-01,Layanan Pelanggan & Penanganan Keluhan,318,False
2025-05-01,"Tarif, Ongkir & Promo",312,False
2025-05-01,Transaksi & Saldo GoPay,264,False
2025-05-01,Performa & Gangguan Aplikasi,229,False
2025-05-01,"GoPayLater, GoPinjam & Penagihan",209,False
2025-05-01,Akurasi Lokasi & Rute,157,False
2025-05-01,"Akun, Login & Verifikasi",154,False
2025-06-01,Pesanan GoFood & Pembatalan,367,False
2025-06-01,Ketersediaan & Respons Mitra Driver,340,False
2025-06-01,"Tarif, Ongkir & Promo",297,False
2025-06-01,Layanan Pelanggan & Penanganan Keluhan,262,False
2025-06-01,Transaksi & Saldo GoPay,218,False
2025-06-01,"GoPayLater, GoPinjam & Penagihan",209,False
2025-06-01,Performa & Gangguan Aplikasi,180,False
2025-06-01,Akurasi Lokasi & Rute,121,False
2025-06-01,"Akun, Login & Verifikasi",118,False
2025-07-01,Ketersediaan & Respons Mitra Driver,419,False
2025-07-01,Pesanan GoFood & Pembatalan,345,False
2025-07-01,"Tarif, Ongkir & Promo",330,False
2025-07-01,Layanan Pelanggan & Penanganan Keluhan,296,False
2025-07-01,Transaksi & Saldo GoPay,238,False
2025-07-01,Performa & Gangguan Aplikasi,227,False
2025-07-01,"GoPayLater, GoPinjam & Penagihan",224,False
2025-07-01,Akurasi Lokasi & Rute,143,False
2025-07-01,"Akun, Login & Verifikasi",139,False
2025-08-01,Ketersediaan & Respons Mitra Driver,353,False
2025-08-01,Pesanan GoFood & Pembatalan,314,False
2025-08-01,Transaksi & Saldo GoPay,278,False
2025-08-01,Layanan Pelanggan & Penanganan Keluhan,270,False
2025-08-01,"Tarif, Ongkir & Promo",266,False
2025-08-01,Performa & Gangguan Aplikasi,220,False
2025-08-01,"GoPayLater, GoPinjam & Penagihan",210,False
2025-08-01,Akurasi Lokasi & Rute,123,False
2025-08-01,"Akun, Login & Verifikasi",119,False
2025-09-01,Ketersediaan & Respons Mitra Driver,331,False
2025-09-01,Pesanan GoFood & Pembatalan,295,False
2025-09-01,"Tarif, Ongkir & Promo",247,False
2025-09-01,Layanan Pelanggan & Penanganan Keluhan,235,False
2025-09-01,"GoPayLater, GoPinjam & Penagihan",188,False
2025-09-01,Transaksi & Saldo GoPay,164,False
2025-09-01,Performa & Gangguan Aplikasi,145,False
2025-09-01,Akurasi Lokasi & Rute,111,False
2025-09-01,"Akun, Login & Verifikasi",106,False
2025-10-01,Ketersediaan & Respons Mitra Driver,431,False
2025-10-01,Pesanan GoFood & Pembatalan,431,False
2025-10-01,Layanan Pelanggan & Penanganan Keluhan,290,False
2025-10-01,"Tarif, Ongkir & Promo",283,False
2025-10-01,"GoPayLater, GoPinjam & Penagihan",184,False
2025-10-01,Performa & Gangguan Aplikasi,174,False
2025-10-01,Transaksi & Saldo GoPay,174,False
2025-10-01,Akurasi Lokasi & Rute,147,False
2025-10-01,"Akun, Login & Verifikasi",101,False
2025-11-01,Pesanan GoFood & Pembatalan,453,False
2025-11-01,Ketersediaan & Respons Mitra Driver,447,False
2025-11-01,Layanan Pelanggan & Penanganan Keluhan,341,False
2025-11-01,"Tarif, Ongkir & Promo",257,False
2025-11-01,"GoPayLater, GoPinjam & Penagihan",206,False
2025-11-01,Transaksi & Saldo GoPay,202,False
2025-11-01,Performa & Gangguan Aplikasi,179,False
2025-11-01,Akurasi Lokasi & Rute,149,False
2025-11-01,"Akun, Login & Verifikasi",122,False
2025-12-01,Ketersediaan & Respons Mitra Driver,572,False
2025-12-01,Pesanan GoFood & Pembatalan,527,False
2025-12-01,Layanan Pelanggan & Penanganan Keluhan,362,False
2025-12-01,"Tarif, Ongkir & Promo",259,False
2025-12-01,Akurasi Lokasi & Rute,192,False
2025-12-01,"GoPayLater, GoPinjam & Penagihan",172,False
2025-12-01,Performa & Gangguan Aplikasi,172,False
2025-12-01,Transaksi & Saldo GoPay,163,False
2025-12-01,"Akun, Login & Verifikasi",115,False
